{
  "device": "vda",
  "workload": "rand_read",
  "num_episodes": 10,
  "episode_rewards": [
    21.08976515465,
    18.8160969340766,
    19.172030242323075,
    19.812979041792175,
    20.94792431489245,
    16.134379559585525,
    20.10055208639495,
    14.685778011620124,
    13.03746108461945,
    19.255204712431677
  ],
  "episode_lengths": [
    5,
    5,
    5,
    5,
    5,
    5,
    5,
    5,
    5,
    5
  ],
  "training_time": 1520.794459104538
}